{
    "loss": 29.89580535888672,
    "accuracy": 0.5686274766921997
}