{
    "loss": 31.512557983398438,
    "accuracy": 0.5686274766921997
}